First Name,Last Name,Email,Phone Number
John,Smith,johnsmith@gmail.com,123 456-7890
Sarah,Jones,sarahjones@yahoo.com,456 789-0123
Michael,Johnson,michaeljohnson@hotmail.com,234 567-8901
Emily,Davis,emilydavis@outlook.com,567 890-1234
David,Taylor,davidtaylor@gmail.com,345 678-9012
Jessica,Brown,jessicabrown@yahoo.com,678 901-2345
Christopher,Martin,christophermartin@outlook.com,456 789-0123
Amanda,Lee,amandalee@hotmail.com,789 012-3456
Matthew,Allen,matthewallen@gmail.com,567 890-1234
Ashley,Young,ashleyyoung@yahoo.com,234 567-8901
Joshua,Hall,joshuahall@outlook.com,901 234-5678
Brittany,Wright,brittanywright@gmail.com,678 901-2345
Daniel,King,danielking@hotmail.com,345 678-9012
Stephanie,Scott,stephaniescott@yahoo.com,123 456-7890
Kevin,Green,kevingreen@outlook.com,456 789-0123
Lauren,Baker,laurenbaker@gmail.com,567 890-1234
Ryan,Adams,ryanadams@hotmail.com,090078601
Rebecca,Nelson,rebeccanelson@yahoo.com,901 234-5678
Thomas,Carter,thomascarter@outlook.com,678 901-2345
Elizabeth,Mitchell,elizabethmitchell@gmail.com,234 567-8901
William,Perez,williamperez@yahoo.com,567 890-1234
Megan,Roberts,megan.roberts@hotmail.com,789 012-3456
Brandon,Turner,brandonturner@gmail.com,901 234-5678
Kelly,Phillips,kellyphillips@outlook.com,678 901-2345
Jacob,Campbell,jacobcampbell@yahoo.com,345 678-9012
Olivia,Parker,oliviaparker@gmail.com,92123456-7890
Eric,Ross,ericross@hotmail.com,456 789-0123
Samantha,Evans,samantha.evans@yahoo.com,567 890-1234
Tyler,Henderson,tylerhenderson@outlook.com,789 012-345
Emily,Smith,emilysmith@gmail.com,555 123-4567
